title,category
スーパーアルプス,食費
イオンフーズ,食費
ウェルシア,食費
角上魚類,食費
西友,食費
OKストア,食費
業務スーパー,食費
成城石井,食費
サミット,食費
マルエツ,食費
ライフ,食費
ピーコック,食費
イトーヨーカドー,食費
オオゼキ,食費
ヤオコー,食費
ドン・キホーテ,食費
ロピア,食費
コープ,食費
ダイエー,食費
トライアル,食費
パスタ,食費
醤油,食費
コーヒー豆,食費
お菓子詰め合わせ,食費
キムチ鍋セット,食費
味噌ラーメン,食費
カレーのルー辛口,食費
スパゲッティソースミート,食費
ごま油純正,食費
だしパック昆布,食費
ケチャップ有機,食費
マヨネーズカロリーハーフ,食費
白米コシヒカリ,食費
もち麦国産,食費
食パン,食費
納豆小粒,食費
豆腐木綿,食費
ヨーグルト無糖,食費
牛乳低脂肪,食費
バター有塩,食費
豚こま切れ肉,食費
鶏むね肉国産,食費
牛ひき肉合いびき,食費
鮭の切り身塩麴漬け,食費
まぐろの刺身盛り合わせ,食費
卵Lサイズ,食費
じゃがいも男爵,食費
玉ねぎ北海道産,食費
にんじん有機,食費
トマトミニ,食費
キャベツ一玉,食費
レタスサニー,食費
バナナフィリピン産,食費
りんごふじ,食費
キウイゴールド,食費
鶏のから揚げ冷凍,食費
ポテトサラダ惣菜,食費
冷凍餃子羽根つき,食費
冷凍チャーハン本格,食費
インスタント味噌汁減塩,食費
カップラーメンシーフード,食費
レトルトカレー中辛,食費
ミールキット野菜炒め,食費
紅茶ティーバッグ,食費
緑茶パック玄米茶,食費
炭酸飲料コーラ,食費
ミネラルウォーター天然水,食費
スポーツドリンクアクエリアス,食費
ノンアルコールビールアサヒ,食費
クラフトビールIPA,食費
チョコレート菓子板チョコ,食費
ガムミント,食費
ポテトチップスのり塩,食費
プリンカスタード,食費
ゼリーぶどう,食費
冷凍食品うどん,食費
鮮魚コーナー,食費
精肉コーナー,食費
青果コーナー,食費
総菜バイキング,食費
ベーカリーコーナー,食費
調味料コーナー,食費
飲料コーナー,食費
乳製品コーナー,食費
豆腐・納豆コーナー,食費
パンコーナー,食費
米コーナー,食費
冷凍食品コーナー,食費
アイスクリーム,食費
スナック菓子,食費
缶詰,食費
乾麺,食費
レトルト食品,食費
ベビーフード,食費
介護食,食費
オーガニック食品,食費
輸入食品,食費
特売品,食費
見切り品,食費
ポイント利用,食費
宅配スーパー,食費
ネットスーパー注文,食費
マクドナルド,外食
ケンタッキーフライドチキン,外食
モスバーガー,外食
吉野家,外食
すき家,外食
松屋,外食
てんや,外食
なか卯,外食
丸亀製麺,外食
はなまるうどん,外食
日高屋,外食
リンガーハット,外食
CoCo壱番屋,外食
餃子の王将,外食
サイゼリヤ,外食
ガスト,外食
バーミヤン,外食
ジョナサン,外食
デニーズ,外食
びっくりドンキー,外食
くら寿司,外食
スシロー,外食
はま寿司,外食
かっぱ寿司,外食
焼肉きんぐ,外食
牛角,外食
安楽亭,外食
いきなりステーキ,外食
ブロンコビリー,外食
ロイヤルホスト,外食
コメダ珈琲店,外食
スターバックスコーヒー,外食
ドトールコーヒーショップ,外食
タリーズコーヒー,外食
エクセルシオールカフェ,外食
サンマルクカフェ,外食
上島珈琲店,外食
カフェ・ド・クリエ,外食
ブルーボトルコーヒー,外食
セガフレード・ザネッティ,外食
ミスタードーナツ,外食
クリスピークリームドーナツ,外食
サブウェイ,外食
フレッシュネスバーガー,外食
ドミノピザ,外食
ピザーラ,外食
ナポリの窯,外食
銀だこ,外食
お好み焼き道とん堀,外食
もんじゃ月島,外食
しゃぶ葉,外食
しゃぶしゃぶ温野菜,外食
かごの屋,外食
木曽路,外食
藍屋,外食
ジョリーパスタ,外食
五右衛門パスタ,外食
カプリチョーザ,外食
びっくり寿司,外食
磯丸水産,外食
鳥貴族,外食
和民,外食
庄や,外食
笑笑,外食
魚民,外食
山内農場,外食
にくスタ,外食
バルバッコア,外食
タコベル,外食
サムギョプサル専門店,外食
韓国料理居酒屋,外食
中華料理ファミリーレストラン,外食
イタリアンバル,外食
フレンチビストロ,外食
ベーカリーカフェ,外食
ヴィーガンレストラン,外食
オーガニックカフェ,外食
ラーメン屋,外食
蕎麦屋,外食
うどん屋,外食
カレー専門店,外食
寿司屋（回転寿司以外）,外食
天ぷら専門店,外食
うなぎ屋,外食
焼き鳥屋,外食
居酒屋,外食
カフェランチ,外食
レストランディナー,外食
テイクアウト弁当,外食
デリバリーピザ,外食
フードコート利用,外食
社員食堂,外食
学食,外食
喫茶店モーニング,外食
ファミレス飲み,外食
食べ放題,外食
ビュッフェランチ,外食
アフタヌーンティー,外食
屋台,外食
キッチンカー,外食
タバコ,コンビニ
セブンイレブン,コンビニ
ファミリーマート,コンビニ
ローソン,コンビニ
ミニストップ,コンビニ
デイリーヤマザキ,コンビニ
セイコーマート,コンビニ
ポプラ,コンビニ
セーブオン,コンビニ
ニューデイズ,コンビニ
ローソンストア100,コンビニ
ナチュラルローソン,コンビニ
アズナス,コンビニ
アンスリー,コンビニ
ハートイン,コンビニ
キヨスク,コンビニ
駅ナカコンビニ,コンビニ
コンビニ弁当幕の内,コンビニ
おにぎり鮭,コンビニ
コンビニパンメロンパン,コンビニ
ホットスナックアメリカンドッグ,コンビニ
からあげクンレギュラー,コンビニ
ファミチキ骨なし,コンビニ
Lチキ旨塩,コンビニ
カップラーメン味噌,コンビニ
コンビニスイーツシュークリーム,コンビニ
コンビニコーヒーアイス,コンビニ
コンビニスープクラムチャウダー,コンビニ
アイスチョコミント,コンビニ
缶コーヒーブラック,コンビニ
ジュースオレンジ,コンビニ
お茶緑茶ペットボトル,コンビニ
ビール一番搾り,コンビニ
ワイン赤ハーフボトル,コンビニ
チューハイレモン,コンビニ
カクテル缶カシスオレンジ,コンビニ
お菓子ポテトチップスコンソメ,コンビニ
ガムボトル,コンビニ
キャンディのど飴,コンビニ
雑誌週刊誌,コンビニ
コピー代白黒,コンビニ
宅配便受付宅急便,コンビニ
レジ袋Mサイズ,コンビニ
文房具ボールペン,コンビニ
チケットぴあ発券,コンビニ
フリーペーパータウンワーク,コンビニ
QUOカード購入,コンビニ
ギフトカードAmazon,コンビニ
セルフレジ利用,コンビニ
おでん大根,コンビニ
中華まん肉まん,コンビニ
サンドイッチたまご,コンビニ
ハンバーガーチーズ,コンビニ
カットフルーツパイン,コンビニ
スムージーグリーン,コンビニ
健康ドリンク野菜ジュース,コンビニ
エナジードリンクモンスター,コンビニ
栄養バーソイジョイ,コンビニ
冷やし麺冷やし中華,コンビニ
サラダチキン,コンビニ
ゆで卵,コンビニ
冷凍ドリンク,コンビニ
ATM手数料,コンビニ
公共料金支払い,コンビニ
マルチコピー機プリント,コンビニ
証明写真,コンビニ
新聞,コンビニ
乾電池,コンビニ
充電器,コンビニ
イヤホン,コンビニ
マスク個包装,コンビニ
絆創膏,コンビニ
目薬,コンビニ
リップクリーム,コンビニ
カイロ,コンビニ
折りたたみ傘,コンビニ
靴下,コンビニ
Tシャツ,コンビニ
ライター,コンビニ
切手,コンビニ
はがき,コンビニ
収入印紙,コンビニ
ゆうパック受付,コンビニ
年賀状印刷,コンビニ
クリスマスケーキ予約,コンビニ
恵方巻予約,コンビニ
ドーナツ,コンビニ
フライドポテト,コンビニ
ソフトクリーム,コンビニ
淹れたてコーヒー,コンビニ
プロテインバー,コンビニ
低糖質パン,コンビニ
プライベートブランド商品,コンビニ
キャンペーン応募,コンビニ
スマホ決済,コンビニ
トイレットペーパーダブル,日用品
ティッシュペーパー箱,日用品
キッチンペーパーロール,日用品
生理用品昼用,日用品
おむつパンツタイプ,日用品
マスク不織布,日用品
除菌シートアルコールタイプ,日用品
アルコールスプレー手指消毒用,日用品
手洗い石けん泡タイプ,日用品
ボディソープ詰め替え,日用品
シャンプーダメージケア,日用品
コンディショナー詰め替え,日用品
トリートメント洗い流すタイプ,日用品
歯ブラシ普通,日用品
歯磨き粉フッ素配合,日用品
うがい薬イソジン,日用品
綿棒紙軸,日用品
爪切りニッパー型,日用品
洗顔フォームスクラブ入り,日用品
スキンケア用品化粧水しっとり,日用品
ハンドクリーム保湿,日用品
洗濯用洗剤液体,日用品
乳液美白,日用品
日焼け止めSPF50,日用品
美容液ヒアルロン酸,日用品
パックシートマスク,日用品
柔軟剤フローラル,日用品
漂白剤酸素系,日用品
おしゃれ着用洗剤エマール,日用品
掃除用洗剤マジックリン,日用品
トイレ用洗剤スプレー,日用品
お風呂用洗剤カビキラー,日用品
スポンジキッチン用,日用品
雑巾マイクロファイバー,日用品
ゴム手袋薄手,日用品
ゴミ袋45L,日用品
防虫剤タンス用,日用品
消臭剤トイレ用,日用品
芳香剤玄関用,日用品
電池単3アルカリ,日用品
延長コード3m,日用品
電球LED,日用品
替えブラシ電動歯ブラシ用,日用品
替え刃シェーバー用,日用品
カミソリ5枚刃,日用品
シェービングフォームメントール,日用品
コットン化粧用,日用品
ヘアブラシクッション,日用品
ヘアゴムリング,日用品
洗濯ネット角型,日用品
物干しハンガーピンチ付き,日用品
洗濯ばさみプラスチック,日用品
サランラップ30cm,日用品
アルミホイル厚手,日用品
ジップロックフリーザーバッグ,日用品
保存容器タッパー,日用品
ゴミ箱分別,日用品
トイレブラシケース付き,日用品
お風呂の椅子抗菌,日用品
体重計デジタル,日用品
タオルフェイスタオル,日用品
バスマット珪藻土,日用品
スリッパ洗える,日用品
歯間ブラシSSSサイズ,日用品
洗濯かご折りたたみ,日用品
流し用ネットストッキングタイプ,日用品
シンクマットシリコン,日用品
キッチン用手袋厚手,日用品
ストックバッグマチ付き,日用品
靴磨きセット,日用品
防水スプレー靴用,日用品
レインコートポンチョ,日用品
カインズホーム,日用品
コーナン,日用品
ダイソー,日用品
セリア,日用品
キャンドゥ,日用品
サプリメントマルチビタミン,日用品
殺虫剤,日用品
園芸用品,日用品
ペット用品,日用品
文房具ノート,日用品
収納ケース,日用品
ハンガー,日用品
アイロン,日用品
ドライヤー,日用品
体温計,日用品
血圧計,日用品
絆創膏,日用品
包帯,日用品
消毒液,日用品
冷却シート,日用品
入浴剤,日用品
無印良品,ショッピング
ニトリ,ショッピング
ドンキホーテ,ショッピング
ABCマート,ショッピング
靴下屋,ショッピング
オリエンタルトラフィック,ショッピング
ABCクラフト,ショッピング
ロフト,ショッピング
東急ハンズ,ショッピング
プラザ,ショッピング
ヴィレッジヴァンガード,ショッピング
フランフラン,ショッピング
IKEA,ショッピング
楽天市場,ショッピング
Amazon,ショッピング
Yahooショッピング,ショッピング
Qoo10,ショッピング
メルカリ,ショッピング
ラクマ,ショッピング
BUYMA,ショッピング
Apple Store,ショッピング
Googleストア,ショッピング
ソニーストア,ショッピング
ニコンダイレクト,ショッピング
カメラのキタムラ,ショッピング
無線機専門店,ショッピング
ドライヤー購入,ショッピング
家具通販サイト,ショッピング
百貨店（伊勢丹）,ショッピング
イオンモール,ショッピング
ららぽーと,ショッピング
パルコ,ショッピング
マルイ,ショッピング
アリオ,ショッピング
アウトレットモール（御殿場）,ショッピング
アウトレットセール,ショッピング
ブランドショップ（ルイヴィトン）,ショッピング
セレクトショップ（BEAMS）,ショッピング
雑貨屋（ナチュラルキッチン）,ショッピング
手芸店（ユザワヤ）,ショッピング
文具店（伊東屋）,ショッピング
書店（紀伊國屋）,ショッピング
スポーツ用品店（ゼビオ）,ショッピング
登山用品店（モンベル）,ショッピング
アウトドアショップ（WILD-1）,ショッピング
アニメショップ（アニメイト）,ショッピング
ホビーショップ（タムタム）,ショッピング
ゲームショップ（ゲオ）,ショッピング
玩具店（トイザらス）,ショッピング
メガネ店（JINS）,ショッピング
Zoff,ショッピング
腕時計店（チックタック）,ショッピング
アクセサリーショップ（4℃）,ショッピング
ジュエリーショップ（ティファニー）,ショッピング
香水専門店,ショッピング
ギフトショップ,ショッピング
おもちゃ売り場,ショッピング
スーツケース（サムソナイト）,ショッピング
家電量販店（ヨドバシカメラ）,ショッピング
パソコン専門店（ドスパラ）,ショッピング
スマホアクセサリー店,ショッピング
インテリアショップ,ショッピング
キッチン用品店,ショッピング
食器店,ショッピング
フラワーショップ,ショッピング
ペットショップ,ショッピング
楽器店（島村楽器）,ショッピング
画材店（世界堂）,ショッピング
模型店,ショッピング
古本屋,ショッピング
CDショップ（タワーレコード）,ショッピング
DVD/Blu-ray店,ショッピング
金券ショップ,ショッピング
リサイクルショップ,ショッピング
アンティークショップ,ショッピング
免税店,ショッピング
デパ地下,ショッピング
ホームセンター（カインズ）,ショッピング
ドラッグストア（マツモトキヨシ）,ショッピング
スーパーマーケット（ライフ）,ショッピング
100円ショップ（ダイソー）,ショッピング
300円ショップ（3COINS）,ショッピング
ネットオークション（ヤフオク）,ショッピング
フリマアプリ（メルカリ）,ショッピング
ハンドメイドマーケット（minne）,ショッピング
クラウドファンディング（Makuake）,ショッピング
サブスクリプションボックス,ショッピング
カタログ通販,ショッピング
テレビショッピング,ショッピング
海外通販サイト,ショッピング
個人輸入代行,ショッピング
ふるさと納税返礼品,ショッピング
ポイント利用購入,ショッピング
セール品購入,ショッピング
福袋,ショッピング
限定グッズ,ショッピング
オーダーメイド品,ショッピング
名入れギフト,ショッピング
体験ギフト,ショッピング
ユニクロ,ファッション
GU,ファッション
ZARA,ファッション
H&M,ファッション
しまむら,ファッション
ファッションセンターしまむら,ファッション
WEGO,ファッション
グローバルワーク,ファッション
ナノユニバース,ファッション
BEAMS,ファッション
ユナイテッドアローズ,ファッション
アーバンリサーチ,ファッション
イエナ,ファッション
スピックアンドスパン,ファッション
ローリーズファーム,ファッション
ニコアンド,ファッション
スタジオクリップ,ファッション
無印良品（衣料品）,ファッション
ライトオン,ファッション
ジーユー,ファッション
コエ,ファッション
ABCマート（靴）,ファッション
オリエンタルトラフィック（靴）,ファッション
靴下屋,ファッション
チュチュアンナ,ファッション
Avail,ファッション
ワークマン,ファッション
メンズファッションプラス,ファッション
Honeys,ファッション
INGNI,ファッション
FOREVER21,ファッション
COLONY2139,ファッション
MODA300+,ファッション
セレクトショップ古着,ファッション
古着屋（セカンドストリート）,ファッション
ブランドショップ（中古）,ファッション
ZOZOTOWN,ファッション
SHOPLIST,ファッション
BUYMA（アパレル）,ファッション
Qoo10（ファッション）,ファッション
SHEIN,ファッション
楽天ファッション,ファッション
Yahooファッション,ファッション
Amazonファッション,ファッション
ヤフオクブランド服,ファッション
メルカリ服,ファッション
ファッション通販サイト,ファッション
レディーストップス,ファッション
メンズパンツ,ファッション
子供服ワンピース,ファッション
ベビー服ロンパース,ファッション
インナーウェア上下セット,ファッション
アウターダウンジャケット,ファッション
トップスTシャツ,ファッション
ボトムスデニムパンツ,ファッション
ジャケットテーラード,ファッション
シャツブラウス,ファッション
Tシャツロゴ入り,ファッション
パーカージップアップ,ファッション
スカートフレア,ファッション
ワンピースニット素材,ファッション
ジーンズスキニー,ファッション
スウェットトレーナー,ファッション
ニットカーディガン,ファッション
セーターVネック,ファッション
帽子キャップ,ファッション
バッグトートバッグ,ファッション
財布長財布,ファッション
ベルト革製,ファッション
サングラスウェリントン,ファッション
腕時計デジタル,ファッション
アクセサリーネックレス,ファッション
ピアスフープ,ファッション
スニーカー,ファッション
パンプス,ファッション
ブーツ,ファッション
サンダル,ファッション
ルームウェア,ファッション
パジャマ,ファッション
水着,ファッション
浴衣,ファッション
フォーマルウェア,ファッション
スーツ,ファッション
ネクタイ,ファッション
マフラー,ファッション
手袋,ファッション
ストール,ファッション
レギンス,ファッション
タイツ,ファッション
スポーツウェア,ファッション
アウトドアウェア,ファッション
作業着,ファッション
コスプレ衣装,ファッション
ウィッグ,ファッション
オーダーメイドスーツ,ファッション
洋服のリフォーム,ファッション
クリーニング代,ファッション
衣替え収納グッズ,ファッション
Amazonプライム年会費,WEBサービス
Netflix月額料金,WEBサービス
Spotifyプレミアム,WEBサービス
YouTubeプレミアムファミリープラン,WEBサービス
Apple Music個人プラン,WEBサービス
Disney+スタンダードプラン,WEBサービス
Hulu月額課金,WEBサービス
U-NEXTポイント購入,WEBサービス
dアニメストア月額,WEBサービス
ABEMAプレミアム月額,WEBサービス
TVerプレミアム,WEBサービス
ニコニコプレミアム会員費,WEBサービス
Kindle Unlimited読み放題,WEBサービス
Audible会員費,WEBサービス
NewsPicksプレミアム,WEBサービス
日経電子版購読料,WEBサービス
Yahooプレミアム会員費,WEBサービス
楽天マガジン年額プラン,WEBサービス
dマガジン月額,WEBサービス
クックパッドプレミアムサービス,WEBサービス
食べログプレミアム会員,WEBサービス
noteプレミアム会員,WEBサービス
Dropbox Plus,WEBサービス
Google Oneストレージ追加,WEBサービス
iCloud+ストレージプラン,WEBサービス
Microsoft 365 Personal,WEBサービス
Evernoteプレミアムプラン,WEBサービス
Notionパーソナルプロ,WEBサービス
Canva Pro月額,WEBサービス
ChatGPT Plus利用料,WEBサービス
GitHub Copilotサブスクリプション,WEBサービス
WordPress有料テーマ購入,WEBサービス
レンタルサーバー代（Xserver）,WEBサービス
ドメイン更新費（.com）,WEBサービス
有料フォント購入（モリサワ）,WEBサービス
オンラインストレージ（Box）,WEBサービス
eFax利用料,WEBサービス
オンライン名刺サービス（Sansan）,WEBサービス
Web会議ツール（Zoom Pro）,WEBサービス
Slack有料プラン,WEBサービス
翻訳ソフト（DeepL Pro）,WEBサービス
AI画像生成サービス（Midjourney）,WEBサービス
ストックフォト（Adobe Stock）,WEBサービス
プログラミング学習サイト（Udemyコース購入）,WEBサービス
動画編集ツール（Final Cut Pro）,WEBサービス
語学学習アプリ（Duolingo Plus）,WEBサービス
メンタルヘルスアプリ（Calm）,WEBサービス
ウェブセキュリティサービス（ノートン）,WEBサービス
VPNサービス（NordVPN）,WEBサービス
オンラインサロン会費,WEBサービス
ファンクラブ年会費（オンライン）,WEBサービス
ゲームサブスクリプション（PS Plus）,WEBサービス
ソフトウェアライセンス購入,WEBサービス
アプリ内課金（ゲーム）,WEBサービス
電子書籍購入（Kindle）,WEBサービス
音楽ダウンロード購入,WEBサービス
動画レンタル（Amazon Prime Video）,WEBサービス
クラウド会計ソフト（freee）,WEBサービス
パスワード管理ツール（1Password）,WEBサービス
タスク管理ツール（Trello Business Class）,WEBサービス
グループウェア利用料（Google Workspace）,WEBサービス
オンラインバックアップサービス,WEBサービス
マッチングアプリ有料会員,WEBサービス
ニュースレター購読料,WEBサービス
天気予報アプリ有料版,WEBサービス
家計簿アプリプレミアム,WEBサービス
フィットネスアプリ有料プラン,WEBサービス
レシピサイトプレミアム会員,WEBサービス
地図アプリ有料機能,WEBサービス
学習管理システム利用料,WEBサービス
ウェブフォントサービス,WEBサービス
音楽制作ソフト（Cubase）,WEBサービス
写真編集ソフト（Lightroom）,WEBサービス
イラスト制作ソフト（Clip Studio Paint）,WEBサービス
CADソフトライセンス,WEBサービス
電子署名サービス,WEBサービス
ファイル転送サービス有料プラン,WEBサービス
広告ブロックアプリ有料版,WEBサービス
オンラインホワイトボードツール,WEBサービス
プロジェクト管理ツール（Asana Premium）,WEBサービス
CRMツール利用料（Salesforce）,WEBサービス
MAツール利用料（HubSpot）,WEBサービス
SEOツール利用料（Ahrefs）,WEBサービス
アクセス解析ツール有料版,WEBサービス
映画館チケット（TOHOシネマズ）,エンタメ
ライブチケット（ロックバンド）,エンタメ
舞台観劇チケット（劇団四季）,エンタメ
フェス参加費（フジロック）,エンタメ
カラオケ（まねきねこ）,エンタメ
漫画喫茶（快活CLUB）,エンタメ
ボウリング場利用料,エンタメ
ビリヤード代,エンタメ
ダーツバー飲食代,エンタメ
ゲームセンター（UFOキャッチャー）,エンタメ
アミューズメント施設（ラウンドワン）,エンタメ
テーマパーク（ディズニーランド）,エンタメ
遊園地（富士急ハイランド）,エンタメ
水族館（サンシャイン水族館）,エンタメ
動物園（上野動物園）,エンタメ
美術館（国立新美術館）,エンタメ
博物館（国立科学博物館）,エンタメ
展覧会（アート展）,エンタメ
コンサート（クラシック）,エンタメ
アーティストグッズ（Tシャツ）,エンタメ
映画グッズ（パンフレット）,エンタメ
漫画（単行本）,エンタメ
小説（文庫本）,エンタメ
ライトノベル新刊,エンタメ
電子書籍（コミック）,エンタメ
フィギュア購入,エンタメ
プラモデル購入,エンタメ
ガチャガチャ（カプセルトイ）,エンタメ
コレクショングッズ（トレカ）,エンタメ
オタクグッズ（アクリルスタンド）,エンタメ
ゲームソフト（Switch）,エンタメ
スマホゲーム課金,エンタメ
Nintendo Switch Online利用券,エンタメ
PlayStation Plus利用券,エンタメ
Steamゲーム購入,エンタメ
ボードゲームカフェ利用料,エンタメ
カードゲームパック購入,エンタメ
カプセルトイ専門店,エンタメ
YouTuberグッズ購入,エンタメ
Vtuberグッズ（ボイス）,エンタメ
声優イベント参加費,エンタメ
同人誌購入,エンタメ
コミケ参加費（サークル）,エンタメ
ライブビューイングチケット,エンタメ
上映イベント（応援上映）,エンタメ
スポーツ観戦チケット（野球）,エンタメ
演劇鑑賞,エンタメ
ミュージカル鑑賞,エンタメ
落語鑑賞,エンタメ
お笑いライブ,エンタメ
プラネタリウム入場料,エンタメ
謎解きイベント参加費,エンタメ
脱出ゲーム参加費,エンタメ
VR体験施設利用料,エンタメ
コスプレ衣装購入,エンタメ
アイドルグッズ,エンタメ
ファンクラブ会報誌,エンタメ
CD購入,エンタメ
DVD/Blu-ray購入（映画）,エンタメ
音楽フェスグッズ,エンタメ
美術展グッズ,エンタメ
博物館グッズ,エンタメ
キャラクターカフェ,エンタメ
コラボカフェ,エンタメ
聖地巡礼交通費,エンタメ
競馬,エンタメ
競輪,エンタメ
パチンコ,エンタメ
スロット,エンタメ
宝くじ購入,エンタメ
オンラインゲーム課金,エンタメ
デジタルコンテンツ購入（音楽）,エンタメ
ストリーミング配信視聴チケット,エンタメ
レンタルDVD/CD,エンタメ
雑誌（趣味・娯楽系）,エンタメ
写真集購入,エンタメ
画集購入,エンタメ
トレーディングカード購入,エンタメ
シミュレーションゴルフ,エンタメ
釣り堀利用料,エンタメ
サバイバルゲーム参加費,エンタメ
絵画用品（絵の具）,趣味
スケッチブックA4,趣味
油絵の具セット,趣味
アクリル絵の具白,趣味
色鉛筆36色セット,趣味
筆ペン細字,趣味
カリグラフィー用ペン,趣味
クラフト材料（レジン液）,趣味
ビーズアクセサリーキット,趣味
刺繍キット初心者向け,趣味
毛糸並太ウール,趣味
編み棒セット,趣味
ミシン糸,趣味
DIY工具（電動ドリル）,趣味
木材カットサービス,趣味
模型キット（ガンプラ）,趣味
ラジコンパーツ（バッテリー）,趣味
鉄道模型（Nゲージ車両）,趣味
ドール服用生地,趣味
フィギュア塗装道具（エアブラシ）,趣味
カメラ（ミラーレス一眼）,趣味
レンズ（単焦点）,趣味
写真プリントサービス,趣味
アルバム手作りキット,趣味
写真用紙光沢L判,趣味
登山用品（バックパック）,趣味
釣り具（リール）,趣味
ルアーセット,趣味
釣竿（シーバス用）,趣味
キャンプ用品（寝袋）,趣味
バーベキューセットレンタル,趣味
テント設営講習,趣味
アウトドアチェア軽量,趣味
双眼鏡コンサート用,趣味
楽器（アコースティックギター）,趣味
ギター弦交換,趣味
エフェクター（オーバードライブ）,趣味
ピアノ楽譜（ポップス）,趣味
カラオケマイマイク,趣味
音楽編集ソフト（GarageBandプラグイン）,趣味
作曲アプリ内課金,趣味
電子書籍リーダー（Kindle Paperwhite）,趣味
文芸同人誌即売会,趣味
俳句雑誌購読料,趣味
囲碁用品（碁石）,趣味
将棋セット駒,趣味
チェスセット木製,趣味
手品グッズ（トランプ）,趣味
パズル1000ピース,趣味
ルービックキューブプロ用,趣味
プラモデル工具セット,趣味
ガーデニング用品（土）,趣味
家庭菜園の種,趣味
アクアリウム用品（水槽）,趣味
熱帯魚購入,趣味
ペット用品（ドッグフード）,趣味
書道用品（墨汁）,趣味
華道教室月謝,趣味
茶道教室月謝,趣味
料理教室参加費,趣味
ワインスクール受講料,趣味
カメラ教室参加費,趣味
ダンスレッスン料,趣味
ヨガスタジオ月会費,趣味
ボルダリングジム利用料,趣味
ゴルフ練習場代,趣味
テニススクール月謝,趣味
スイミングクラブ会費,趣味
手芸サークル会費,趣味
バンド練習スタジオ代,趣味
レザークラフト材料,趣味
陶芸体験費用,趣味
ガラス細工体験,趣味
アクセサリー作りワークショップ,趣味
プログラミング学習書籍,趣味
語学教材（テキスト）,趣味
資格取得参考書,趣味
スキルアップセミナー参加費,趣味
ボードゲーム購入,趣味
TRPGルールブック,趣味
コレクション用切手,趣味
アンティークコイン,趣味
レコード購入,趣味
万年筆インク,趣味
自転車パーツ交換,趣味
ロードバイクメンテナンス,趣味
釣り船代,趣味
スキーリフト券,趣味
スノーボード用品レンタル,趣味
サーフィンレッスン料,趣味
ダイビング器材レンタル,趣味
宿泊費（ビジネスホテル）,旅行・レジャー
快活クラブ利用料,旅行・レジャー
ホテル代（シティホテル）,旅行・レジャー
ビジネスホテル東横イン,旅行・レジャー
旅館（温泉旅館）,旅行・レジャー
民宿予約サイト,旅行・レジャー
Airbnb宿泊費,旅行・レジャー
新幹線チケット（東京-大阪）,旅行・レジャー
飛行機チケット（国内線）,旅行・レジャー
LCC航空券（Peach）,旅行・レジャー
高速バスチケット（夜行バス）,旅行・レジャー
レンタカー（タイムズカーレンタル）,旅行・レジャー
旅行保険（海外）,旅行・レジャー
パスポート申請費,旅行・レジャー
ビザ申請料（観光ビザ）,旅行・レジャー
海外旅行保険（AIU）,旅行・レジャー
旅行ガイドブック（るるぶ）,旅行・レジャー
観光地入場料（寺院）,旅行・レジャー
遊覧船乗船料,旅行・レジャー
ロープウェイ往復券,旅行・レジャー
ケーブルカー乗車券,旅行・レジャー
遊園地入園料（USJ）,旅行・レジャー
温泉施設（スーパー銭湯）,旅行・レジャー
日帰り温泉入浴料,旅行・レジャー
お土産（銘菓）,旅行・レジャー
道の駅での買い物,旅行・レジャー
海外用SIMカード購入,旅行・レジャー
リムジンバス（空港行き）,旅行・レジャー
空港ラウンジ利用料,旅行・レジャー
荷物預かりサービス,旅行・レジャー
トラベルポーチセット,旅行・レジャー
変換プラグ（マルチタイプ）,旅行・レジャー
旅行用ネックピロー,旅行・レジャー
アイマスク安眠用,旅行・レジャー
耳栓飛行機用,旅行・レジャー
旅行用洗面セット携帯用,旅行・レジャー
旅行用衣類圧縮袋Mサイズ,旅行・レジャー
アクティビティ予約（体験ツアー）,旅行・レジャー
スキューバダイビング体験料,旅行・レジャー
パラグライダー体験飛行,旅行・レジャー
スキー場リフト券（1日券）,旅行・レジャー
キャンプ場利用料（サイト料）,旅行・レジャー
グランピング施設宿泊費,旅行・レジャー
観光バスツアー（日帰り）,旅行・レジャー
クルーズ旅行代金,旅行・レジャー
観光地移動費（タクシー）,旅行・レジャー
レンタサイクル利用料,旅行・レジャー
フェリー乗船料,旅行・レジャー
国内旅行パッケージツアー,旅行・レジャー
海外旅行パッケージツアー,旅行・レジャー
ホテルビュッフェ,旅行・レジャー
駅弁購入,旅行・レジャー
現地オプショナルツアー,旅行・レジャー
旅行キャンセル料,旅行・レジャー
旅行積立,旅行・レジャー
マイル利用手数料,旅行・レジャー
Wi-Fiルーターレンタル（海外用）,旅行・レジャー
国際免許証申請費,旅行・レジャー
旅行用スーツケース購入,旅行・レジャー
土産物店,旅行・レジャー
テーマパーク年間パスポート,旅行・レジャー
美術館年間パスポート,旅行・レジャー
ドライブ旅行ガソリン代,旅行・レジャー
高速道路料金（ETC）,旅行・レジャー
駐車場料金（観光地）,旅行・レジャー
旅行ブログ運営費,旅行・レジャー
旅行写真現像代,旅行・レジャー
旅行動画編集ソフト,旅行・レジャー
トラベルグッズ専門店,旅行・レジャー
免税店ショッピング,旅行・レジャー
空港での食事代,旅行・レジャー
機内販売購入,旅行・レジャー
ホテルルームサービス,旅行・レジャー
飲み会（居酒屋）,交際費
合コン参加費,交際費
ランチ会（カフェ）,交際費
ディナー会（レストラン）,交際費
歓送迎会費,交際費
二次会代（カラオケ）,交際費
バーでの支払い,交際費
スナック代セット料金,交際費
会費（サークル）,交際費
割り勘精算（PayPay）,交際費
オンライン飲み会（Zoom）,交際費
手土産代（菓子折り）,交際費
差し入れ（ドリンク）,交際費
交際用プレゼント（友人へ）,交際費
菓子折り（取引先へ）,交際費
親戚付き合い費（お盆）,交際費
ご祝儀（結婚式）,交際費
お見舞い費（入院）,交際費
親族行事参加費（法事）,交際費
趣味仲間交流費（オフ会）,交際費
同僚とのランチ,交際費
上司との食事,交際費
取引先との会食,交際費
忘年会費,交際費
新年会費,交際費
送別会プレゼント代,交際費
歓迎会プレゼント代,交際費
打ち上げ費用,交際費
ゴルフコンペ参加費,交際費
BBQ会費,交際費
ホームパーティー材料費,交際費
カフェでの打ち合わせ,交際費
慶弔費（香典）,交際費
お祝い返し,交際費
職場への差し入れ,交際費
友人への引っ越し祝い,交際費
同僚への出産祝い,交際費
お世話になった人へのお礼,交際費
バレンタインデー（義理チョコ）,交際費
ホワイトデー（お返し）,交際費
クリスマスパーティー会費,交際費
食事おごり代,交際費
立て替え払い精算,交際費
オンラインイベント参加費,交際費
ファンミーティング参加費,交際費
交流会参加費,交際費
セミナー懇親会費,交際費
同窓会費,交際費
OB/OG会費,交際費
町内会費,交際費
PTA会費,交際費
サークル年会費,交際費
団体への寄付（付き合い）,交際費
誕生日プレゼント（同僚へ）,ギフト
クリスマスプレゼント（家族へ）,ギフト
バレンタインチョコ（本命）,ギフト
ホワイトデー（お返しギフト）,ギフト
父の日プレゼント（ビール）,ギフト
母の日プレゼント（花）,ギフト
敬老の日プレゼント（和菓子）,ギフト
お歳暮（ハム）,ギフト
お中元（ビール）,ギフト
内祝い（タオル）,ギフト
出産祝い（ベビー服）,ギフト
結婚祝い（商品券）,ギフト
新築祝い（観葉植物）,ギフト
引っ越し祝い（洗剤セット）,ギフト
退職祝い（花束）,ギフト
就職祝い（ネクタイ）,ギフト
進学祝い（文房具）,ギフト
入園祝い（絵本）,ギフト
卒業祝い（図書カード）,ギフト
お年玉（甥・姪へ）,ギフト
プレゼント（友人誕生日）,ギフト
サプライズプレゼント企画費,ギフト
花束（記念日）,ギフト
ラッピング用品購入,ギフト
メッセージカード購入,ギフト
カタログギフト,ギフト
商品券購入,ギフト
ギフトカード購入（スタバ）,ギフト
お祝い電報,ギフト
快気祝い,ギフト
香典返し,ギフト
引き出物,ギフト
プチギフト,ギフト
お供え物,ギフト
手土産（訪問先へ）,ギフト
お礼の品,ギフト
記念品,ギフト
景品購入（イベント用）,ギフト
懸賞応募用はがき,ギフト
ふるさと納税（ギフト目的）,ギフト
お見舞いの品,ギフト
パーティー用プレゼント交換,ギフト
ベビーシャワーギフト,ギフト
ウェディングギフト,ギフト
アニバーサリーギフト,ギフト
プロポーズ用プレゼント,ギフト
自分へのご褒美ギフト,ギフト
ペットへのプレゼント,ギフト
オンラインギフトサービス,ギフト
ソーシャルギフト（LINEギフト）,ギフト
名入れギフトオーダー,ギフト
体験ギフト購入,ギフト
フラワーアレンジメント,ギフト
バルーンギフト,ギフト
お菓子詰め合わせギフト,ギフト
コーヒーギフトセット,ギフト
紅茶ギフトセット,ギフト
ワインギフト,ギフト
日本酒ギフト,ギフト
ビールギフトセット,ギフト
ハム・ソーセージギフト,ギフト
調味料ギフトセット,ギフト
タオルギフトセット,ギフト
洗剤ギフトセット,ギフト
入浴剤ギフトセット,ギフト
コスメギフトセット,ギフト
アクセサリーギフト,ギフト
雑貨ギフト,ギフト
観葉植物ギフト,ギフト
フォトフレームギフト,ギフト
アルバムギフト,ギフト
ペアグッズギフト,ギフト
旅行券ギフト,ギフト
食事券ギフト,ギフト
図書カードNEXT,ギフト
QUOカードPay,ギフト
Amazonギフト券,ギフト
Apple Gift Card,ギフト
Google Play ギフトコード,ギフト
電車運賃（JR）,交通費
電車代（私鉄）,交通費
バス運賃（都営バス）,交通費
バス代（コミュニティバス）,交通費
定期券（通勤6ヶ月）,交通費
新幹線代（出張）,交通費
高速バス代（帰省）,交通費
タクシー代（深夜）,交通費
自転車シェアリング（ドコモバイクシェア）,交通費
カーシェア料金（タイムズカー）,交通費
交通ICカードチャージ（Suica）,交通費
交通系電子マネー（PASMO）利用,交通費
乗換案内アプリ（有料プラン）,交通費
通勤費精算,交通費
出張交通費立替,交通費
空港アクセス費（京成スカイライナー）,交通費
リムジンバス代（空港から）,交通費
交通費立替精算分受取,交通費
運転免許更新費手数料,交通費
運転免許交付費写真代,交通費
オートバイ利用費（ガソリン代）,交通費
駐車場代（月極）,交通費
コインパーキング利用料,交通費
高速道路料金（ETC利用）,交通費
フェリー乗船料（車）,交通費
有料道路通行料,交通費
レンタカー代（旅行）,交通費
運転代行サービス料,交通費
洗車代（ガソリンスタンド）,交通費
ガソリン代（レギュラー）,交通費
駐輪場代（月極）,交通費
カーフェリー運賃,交通費
旅客船運賃,交通費
ロープウェイ料金,交通費
ケーブルカー料金,交通費
モノレール運賃,交通費
路面電車運賃,交通費
航空券（国内線）,交通費
航空券（国際線）,交通費
空港使用料,交通費
燃油サーチャージ,交通費
手荷物預け料金,交通費
座席指定料金,交通費
海外交通機関利用費（地下鉄）,交通費
海外交通機関利用費（バス）,交通費
海外交通機関利用費（タクシー）,交通費
Uber/Lyft利用料,交通費
長距離フェリー運賃,交通費
寝台列車料金,交通費
通学定期券,交通費
バス定期券,交通費
回数券購入（バス）,交通費
回数券購入（電車）,交通費
特急券購入,交通費
指定席券購入,交通費
グリーン券購入,交通費
交通違反罰金,交通費
レッカー移動費用,交通費
ロードサービス年会費,交通費
モビリティサービス月額料,交通費
電動キックボード利用料,交通費
交通系サブスクリプション,交通費
空港送迎サービス,交通費
ハイヤー料金,交通費
旅行会社手配交通費,交通費
交通安全協会費,交通費
美容院カット,美容・コスメ
カット代,美容・コスメ
ヘアカラー（リタッチ）,美容・コスメ
パーマ代（デジタルパーマ）,美容・コスメ
化粧下地（皮脂崩れ防止）,美容・コスメ
ファンデーション（リキッド）,美容・コスメ
アイシャドウパレット,美容・コスメ
マスカラ（ウォータープルーフ）,美容・コスメ
リップ（ティント）,美容・コスメ
チーク（パウダー）,美容・コスメ
ネイルサロン（ジェルネイル）,美容・コスメ
セルフネイル用品（マニキュア）,美容・コスメ
エステサロン（フェイシャル）,美容・コスメ
脱毛サロン（全身脱毛）,美容・コスメ
まつ毛パーマ施術,美容・コスメ
まつエク（付け替え）,美容・コスメ
メイクブラシセット,美容・コスメ
美容院トリートメント,美容・コスメ
ヘッドスパ,美容・コスメ
縮毛矯正,美容・コスメ
ヘアセット（結婚式）,美容・コスメ
シェービング（顔）,美容・コスメ
眉毛サロン,美容・コスメ
アートメイク,美容・コスメ
日焼けサロン,美容・コスメ
ホワイトニング（セルフ）,美容・コスメ
美容ドリンク,美容・コスメ
サプリメント（美容系）,美容・コスメ
クレンジングオイル,美容・コスメ
洗顔料（泡タイプ）,美容・コスメ
化粧水（保湿）,美容・コスメ
乳液（敏感肌用）,美容・コスメ
美容液（ビタミンC）,美容・コスメ
フェイスクリーム,美容・コスメ
アイクリーム,美容・コスメ
シートマスク（パック）,美容・コスメ
日焼け止め（顔用）,美容・コスメ
ボディクリーム,美容・コスメ
ハンドクリーム（高保湿）,美容・コスメ
ボディソープ（香り付き）,美容・コスメ
入浴剤（バスボム）,美容・コスメ
香水,美容・コスメ
ヘアオイル,美容・コスメ
ヘアワックス,美容・コスメ
ヘアスプレー,美容・コスメ
ドライヤー（高機能）,美容・コスメ
ヘアアイロン（ストレート）,美容・コスメ
コテ（カール用）,美容・コスメ
美顔器,美容・コスメ
脱毛器（家庭用）,美容・コスメ
化粧ポーチ,美容・コスメ
ビューラー,美容・コスメ
アイライナー（リキッド）,美容・コスメ
アイブロウペンシル,美容・コスメ
コンシーラー,美容・コスメ
フェイスパウダー,美容・コスメ
ハイライト,美容・コスメ
シェーディング,美容・コスメ
ネイルオイル,美容・コスメ
除光液,美容・コスメ
つけまつげ,美容・コスメ
カラコン,美容・コスメ
コスメカウンター購入品,美容・コスメ
ドラッグストアコスメ,美容・コスメ
デパートコスメ（デパコス）,美容・コスメ
韓国コスメ,美容・コスメ
オーガニックコスメ,美容・コスメ
ミネラルファンデーション,美容・コスメ
BBクリーム,美容・コスメ
CCクリーム,美容・コスメ
美容雑誌購入,美容・コスメ
メイクアップレッスン料,美容・コスメ
パーソナルカラー診断,美容・コスメ
骨格診断,美容・コスメ
美容整形費用,美容・コスメ
審美歯科治療費,美容・コスメ
病院診察料（内科）,医療・健康
内科受診料,医療・健康
外科受診料,医療・健康
歯科治療費（虫歯）,医療・健康
眼科受診料（コンタクト処方）,医療・健康
皮膚科受診料（湿疹）,医療・健康
整形外科受診料（腰痛）,医療・健康
処方薬代（抗生物質）,医療・健康
市販薬（風邪薬）,医療・健康
風邪薬（パブロン）,医療・健康
胃薬（ガスター10）,医療・健康
頭痛薬（ロキソニン）,医療・健康
湿布（モーラステープ）,医療・健康
健康診断費用（会社負担外）,医療・健康
人間ドック費用,医療・健康
ワクチン接種費用（任意）,医療・健康
インフルエンザ予防接種費用,医療・健康
コロナ検査費（PCR検査）,医療・健康
健康保険料（国民健康保険）,医療・健康
鍼灸治療費,医療・健康
整体施術料,医療・健康
リハビリ費用（通院）,医療・健康
コンタクトレンズ購入費,医療・健康
メガネ購入費,医療・健康
補聴器購入費,医療・健康
松葉杖レンタル料,医療・健康
入院費用,医療・健康
手術費用,医療・健康
差額ベッド代,医療・健康
診断書作成料,医療・健康
紹介状作成料,医療・健康
セカンドオピニオン費用,医療・健康
漢方薬代,医療・健康
サプリメント（健康維持）,医療・健康
プロテイン購入費,医療・健康
健康食品購入費,医療・健康
マッサージチェア購入費,医療・健康
フィットネスクラブ会費,医療・健康
スポーツジム月会費,医療・健康
ヨガレッスン料,医療・健康
ピラティスレッスン料,医療・健康
パーソナルトレーニング料,医療・健康
オンラインフィットネス利用料,医療・健康
市営ジム利用料,医療・健康
プール利用料,医療・健康
温泉療法費用,医療・健康
メンタルクリニック通院費,医療・健康
カウンセリング料,医療・健康
禁煙外来治療費,医療・健康
睡眠時無呼吸症候群治療費,医療・健康
特定健診費用,医療・健康
がん検診費用,医療・健康
歯科検診費用,医療・健康
歯石除去費用,医療・健康
ホワイトニング（歯科）,医療・健康
マウスピース作成費,医療・健康
医療用ウィッグ購入費,医療・健康
介護サービス利用料,医療・健康
訪問看護費用,医療・健康
デイサービス利用料,医療・健康
介護用品購入費（杖など）,医療・健康
血圧計購入費,医療・健康
体温計購入費,医療・健康
体重計・体組成計購入費,医療・健康
救急箱・常備薬補充,医療・健康
マスク購入費,医療・健康
消毒液購入費,医療・健康
衛生用品購入費,医療・健康
医療費控除申請費用,医療・健康
健康セミナー参加費,医療・健康
ガソリン代（ハイオク）,車
洗車サービス利用料,車
洗車代（手洗い）,車
駐車場代（時間貸し）,車
駐車場利用料（月極契約）,車
車検費用（ディーラー）,車
自動車税（年払い）,車
任意保険料（年払い）,車
自賠責保険料（車検時）,車
タイヤ交換費用（スタッドレス）,車
オイル交換費用（エレメント含む）,車
バッテリー交換費用,車
車の修理代（バンパー）,車
車両通行料（高速道路）,車
ワイパー交換（ブレード）,車
エアコン修理費用（ガス補充）,車
カーアクセサリー（スマホホルダー）,車
ドライブレコーダー購入・取付費,車
ETCカード年会費,車
ETC利用料明細,車
高速道路料金（休日割引）,車
車両購入頭金支払い,車
自動車ローン支払い（月々）,車
中古車購入費用,車
カー用品店（オートバックス）,車
車内清掃サービス（業者）,車
車検証再発行手数料,車
冬用タイヤ購入費,車
カーナビ購入・取付費,車
カーオーディオ交換費用,車
スピーカー交換費用,車
ホイール交換費用,車
サスペンション交換費用,車
マフラー交換費用,車
ボディコーティング費用,車
板金塗装費用,車
フロントガラス交換費用,車
車内消臭・除菌サービス,車
チャイルドシート購入費,車
ジュニアシート購入費,車
タイヤ保管サービス料,車
ロードサービス利用料（JAF以外）,車
レンタカー代（事故代車）,車
廃車手続き費用,車
名義変更手数料,車
希望ナンバー申請費用,車
軽自動車税,車
重量税,車
環境性能割,車
自動車取得税（旧）,車
車庫証明取得費用,車
点検費用（6ヶ月点検）,車
リコール対応費用（自己負担分）,車
カーシェアリング月額基本料,車
カーリース月額料,車
マイカー賃貸料,車
運転免許更新費用,車
国際運転免許証取得費用,車
交通違反反則金,車
駐車違反罰金,車
レッカー代,車
ガソリン添加剤,車
ウォッシャー液補充,車
クーラント液交換,車
ブレーキパッド交換,車
エアフィルター交換,車
スパークプラグ交換,車
タイミングベルト交換,車
車載工具購入,車
ジャッキ購入,車
タイヤチェーン購入,車
ルーフキャリア購入,車
ヒッチメンバー取付,車
カスタムパーツ購入,車
ドレスアップ費用,車
カーフィルム施工費用,車
セキュリティシステム取付費用,車
レーダー探知機購入,車
自動車保険更新料,車
車両保険料,車
対人賠償保険料,車
対物賠償保険料,車
Udemy講座購入,教育
Schooプレミアムプラン,教育
N予備校月額費,教育
スタディサプリ（英語）,教育
アオイゼミ受講料,教育
managara利用料,教育
YouTube学習チャンネルメンバーシップ,教育
Courseraコース料金,教育
edX認定証費用,教育
LinkedInラーニング月額,教育
Progate有料プラン,教育
ドットインストールプレミアム,教育
CodeCamp受講料,教育
TechAcademyコース料金,教育
Aidemy講座購入,教育
ストアカ講座参加費,教育
シェアウィズ講座購入,教育
語学学習アプリ（Duolingo）,教育
英会話サブスク（DMM英会話）,教育
オンライン予備校（東進）,教育
資格試験対策アプリ（有料版）,教育
簿記講座費用（TAC）,教育
FP講座費用（ユーキャン）,教育
心理学講座費用（オンライン）,教育
大学学費（前期）,教育
専門学校授業料,教育
大学院入学金,教育
資格試験受験料（TOEIC）,教育
教科書代（大学）,教育
参考書（資格試験用）,教育
問題集（過去問）,教育
模試受験料（河合塾）,教育
通信教育費（Z会）,教育
オンライン講座（スキルアップ）,教育
語学講座（中国語）,教育
英会話スクール（GABA）,教育
受験料（大学入試）,教育
教育アプリ内課金,教育
プログラミングスクール受講料,教育
デザインスクール受講料,教育
ビジネススクール受講料,教育
セミナー参加費（自己啓発）,教育
ワークショップ参加費（スキル系）,教育
講演会チケット代,教育
学会参加費,教育
研究費,教育
教材費（実験用）,教育
文房具（学習用）,教育
ノートパソコン（学習用）,教育
タブレット（学習用）,教育
電子辞書購入費,教育
プリンターインク代（教材印刷）,教育
コピー代（資料）,教育
図書館利用料（有料）,教育
自習室利用料,教育
家庭教師派遣料,教育
塾月謝,教育
習い事月謝（ピアノ）,教育
スポーツクラブ月謝（子供）,教育
留学費用,教育
ホームステイ費用,教育
語学学校授業料（海外）,教育
海外大学出願料,教育
奨学金返済,教育
教育ローン返済,教育
子供向けプログラミング教室,教育
子供向け英会話教室,教育
知育教材購入費,教育
絵本購入費（教育目的）,教育
学習漫画購入費,教育
図鑑購入費,教育
オンライン家庭教師,教育
学習支援サービス利用料,教育
進路相談サービス料,教育
キャリアカウンセリング料,教育
免許取得費用（自動車学校）,教育
資格更新費用,教育
業界専門誌購読料,教育
技術書購入費,教育
論文購読料,教育
翻訳サービス利用料（学習関連）,教育
紙おむつ（テープタイプ）,子供
ベビーワイプ（おしりふき）,子供
ベビーミルク（粉ミルク）,子供
哺乳瓶消毒セット,子供
離乳食（レトルト）,子供
ベビー服（新生児用）,子供
子供服（Tシャツ）,子供
ベビーシューズ（ファーストシューズ）,子供
ベビーカー（A型）,子供
チャイルドシート（ISOFIX）,子供
ベビー布団セット,子供
おむつ替えシート防水,子供
おしゃぶりホルダー,子供
ベビーソープ泡タイプ,子供
子供用シャンプーリンスイン,子供
おもちゃ（積み木）,子供
絵本（仕掛け絵本）,子供
知育玩具（パズル）,子供
ぬいぐるみ（アンパンマン）,子供
子供用DVD（アニメ）,子供
キッズタブレット学習用,子供
通園グッズ（バッグ）,子供
保育園費用（月額）,子供
幼稚園月謝,子供
学童保育料,子供
ベビーシッター代,子供
一時保育利用料,子供
病児保育利用料,子供
習い事月謝（スイミング）,子供
塾費用（小学生）,子供
教材費（ドリル）,子供
子供用自転車購入費,子供
子供用ヘルメット,子供
三輪車,子供
子供部屋家具（ベビーベッド）,子供
おむつ用ゴミ箱,子供
ベビーモニター,子供
授乳クッション,子供
搾乳機,子供
マタニティウェア,子供
妊婦健診費用,子供
出産費用,子供
内祝い（出産）,子供
子供の医療費（窓口負担）,子供
予防接種費用（任意）,子供
子供用歯ブラシ,子供
子供用歯磨き粉,子供
フッ素塗布費用,子供
子供用食器セット,子供
スタイ（よだれかけ）,子供
子供用椅子（ハイチェア）,子供
バウンサー,子供
抱っこ紐,子供
マザーズバッグ,子供
子供の散髪代,子供
七五三費用,子供
お宮参り費用,子供
初節句祝い費用,子供
子供の誕生日プレゼント,子供
クリスマスプレゼント（子供へ）,子供
お年玉（子供へ）,子供
子供用お菓子,子供
子供用ジュース,子供
学校給食費,子供
PTA会費,子供
学用品費（ノート、鉛筆）,子供
制服代,子供
体操服代,子供
上履き代,子供
修学旅行積立金,子供
遠足費用,子供
部活動費,子供
子供向けイベント参加費,子供
子供向け映画チケット,子供
テーマパーク入場料（子供分）,子供
子供向け雑誌購入費,子供
子供向けサブスクリプション,子供
お食い初め費用,子供
ランドセル購入費,子供
学習机購入費,子供
子供部屋リフォーム費用,子供
子供用保険料,子供
銀行振込手数料,手数料
ATM利用手数料（時間外）,手数料
クレジットカード年会費（ゴールド）,手数料
デビットカード発行手数料,手数料
外貨両替手数料（空港）,手数料
仮想通貨送金手数料（BTC）,手数料
証券口座管理料（年間）,手数料
銀行送金手数料（他行宛）,手数料
決済手数料（オンライン）,手数料
コンビニ収納代行手数料（公共料金）,手数料
印紙代（契約書）,手数料
収入印紙購入費,手数料
キャッシュカード再発行手数料,手数料
行政書類申請手数料（住民票）,手数料
公共施設利用手数料（体育館）,手数料
駐車場予約手数料,手数料
チケット発券手数料（コンビニ）,手数料
オークション手数料（出品）,手数料
フリマアプリ販売手数料（メルカリ）,手数料
電子マネーチャージ手数料（特定のカード）,手数料
サービス手数料（プラットフォーム利用）,手数料
アプリ内課金手数料（Apple/Google）,手数料
キャッシュレス決済導入手数料,手数料
荷物再配達手数料（有料）,手数料
領収書発行手数料（再発行）,手数料
口座振替手数料,手数料
両替手数料（窓口）,手数料
硬貨入金手数料,手数料
残高証明書発行手数料,手数料
取引履歴発行手数料,手数料
ローン繰り上げ返済手数料,手数料
ローン条件変更手数料,手数料
不動産登記手数料,手数料
司法書士手数料,手数料
行政書士手数料,手数料
税理士手数料（確定申告）,手数料
弁護士相談料,手数料
仲介手数料（不動産）,手数料
更新手数料（賃貸契約）,手数料
解約手数料（サブスク）,手数料
違約金（携帯契約）,手数料
キャンセル料（ホテル）,手数料
予約変更手数料（航空券）,手数料
事務手数料（契約時）,手数料
登録料（サービス）,手数料
会員登録料（年会費）,手数料
更新料（資格）,手数料
ライセンス料（ソフトウェア）,手数料
プラットフォーム利用料（月額）,手数料
システム利用料,手数料
振込代行手数料,手数料
データ移行手数料,手数料
設置・設定手数料,手数料
サポート手数料,手数料
コンサルティング手数料,手数料
鑑定料,手数料
査定料,手数料
書類作成代行手数料,手数料
名義変更手数料（株式等）,手数料
認証手数料,手数料
翻訳手数料,手数料
通訳手数料,手数料
速達料金,手数料
書留料金,手数料
代引き手数料,手数料
梱包手数料,手数料
ギフトラッピング手数料,手数料
保証料,手数料
審査料,手数料
保険契約手数料,手数料
ビザ申請代行手数料,手数料
パスポート申請代行手数料,手数料
クレジットカード海外利用手数料,手数料
プリペイドカード発行手数料,手数料
口座維持手数料,手数料
投資信託信託報酬,手数料
株式売買手数料,手数料
FX取引手数料,手数料
電気代（東京電力）,水道光熱費
ガス代（東京ガス）,水道光熱費
水道代（東京都水道局）,水道光熱費
下水道使用料,水道光熱費
都市ガス料金請求,水道光熱費
プロパンガス料金請求,水道光熱費
燃料費調整額変動分,水道光熱費
電力会社請求書払い,水道光熱費
ガス会社請求書払い,水道光熱費
上下水道局請求書払い,水道光熱費
再生可能エネルギー発電促進賦課金,水道光熱費
請求書コンビニ払い,水道光熱費
スマートメーター利用料金,水道光熱費
電気契約アンペア変更費用,水道光熱費
ガス開栓手数料,水道光熱費
水道使用開始手続き料,水道光熱費
電気引越し停止費用,水道光熱費
電気使用量超過請求分,水道光熱費
水道修理費（漏水）,水道光熱費
漏水対応費用,水道光熱費
ブレーカー修理交換費用,水道光熱費
電気料金口座振替,水道光熱費
ガス料金口座振替,水道光熱費
水道料金口座振替,水道光熱費
電気料金クレジットカード払い,水道光熱費
ガス料金クレジットカード払い,水道光熱費
水道料金クレジットカード払い,水道光熱費
深夜電力料金,水道光熱費
オール電化プラン料金,水道光熱費
ガス自由化プラン料金,水道光熱費
セット割引（電気・ガス）,水道光熱費
太陽光発電売電収入（相殺分）,水道光熱費
灯油代（暖房用）,水道光熱費
ボイラー修理費,水道光熱費
給湯器交換費用,水道光熱費
水道メーター交換費用,水道光熱費
ガス漏れ警報器リース料,水道光熱費
浄水器レンタル料,水道光熱費
ウォーターサーバー代（水道直結型）,水道光熱費
検針票確認,水道光熱費
使用量のお知らせ,水道光熱費
節電協力割引,水道光熱費
早期支払割引,水道光熱費
延滞料金,水道光熱費
供給停止後の再開手数料,水道光熱費
基本料金（電気）,水道光熱費
従量料金（電気）,水道光熱費
基本料金（ガス）,水道光熱費
従量料金（ガス）,水道光熱費
基本料金（水道）,水道光熱費
従量料金（水道）,水道光熱費
スマホ料金（au）,通信費
携帯電話基本料（ドコモ）,通信費
データ通信料（ソフトバンク）,通信費
通話料（楽天モバイル）,通信費
SMS送信料金,通信費
インターネット回線（NURO光）,通信費
Wi-Fiルーター購入費,通信費
光回線月額（フレッツ光）,通信費
モバイルWi-Fi代（WiMAX）,通信費
通信オプション料金（留守番電話）,通信費
格安SIM（IIJmio）月額,通信費
プロバイダ料金（BIGLOBE）,通信費
メールアドレス利用料（プロバイダ）,通信費
通信契約事務手数料（新規）,通信費
通信設備使用料（レンタル）,通信費
引越し工事費（光回線）,通信費
通信会社違約金（解約）,通信費
eSIM発行手数料（再発行）,通信費
海外ローミング料金（データパック）,通信費
海外SIMカード購入（プリペイド）,通信費
プリペイド携帯チャージ（コンビニ）,通信費
衛星放送料金（スカパー！）,通信費
テレビ受信料（NHK）,通信費
IP電話料金（月額）,通信費
au利用料金,通信費
ドコモ利用料金,通信費
ソフトバンク利用料金,通信費
楽天モバイル利用料金,通信費
UQモバイル利用料金,通信費
ワイモバイル利用料金,通信費
povoトッピング購入,通信費
LINEMO利用料金,通信費
ahamo利用料金,通信費
BIGLOBEモバイル利用料金,通信費
OCNモバイルONE利用料金,通信費
IIJmio利用料金,通信費
mineo利用料金,通信費
イオンモバイル利用料金,通信費
nuroモバイル利用料金,通信費
J:COMモバイル利用料金,通信費
b-mobile利用料金,通信費
HISモバイル利用料金,通信費
日本通信SIM利用料金,通信費
フレッツ光月額料金,通信費
ドコモ光月額料金,通信費
auひかり月額料金,通信費
SoftBank光月額料金,通信費
NURO光月額料金,通信費
固定電話基本料（NTT）,通信費
国際電話料金,通信費
公衆電話利用料,通信費
テザリングオプション料金,通信費
キャリア決済利用料,通信費
スマホ本体分割払い金,通信費
タブレット通信料,通信費
スマートウォッチ通信料,通信費
ホームルーター利用料,通信費
ポケットWi-Fiレンタル料,通信費
ビジネスフォン利用料,通信費
専用線利用料,通信費
VPN接続サービス料,通信費
テレビ視聴サービス料（ケーブルテレビ）,通信費
ラジオ聴取料（有料サービス）,通信費
新聞購読料（電子版含む）,通信費
雑誌購読料（電子版含む）,通信費
コンテンツサービス利用料（キャリア提供）,通信費
セキュリティソフト月額（通信会社提供）,通信費
端末保証サービス料,通信費
電話番号案内サービス料,通信費
ユニバーサルサービス料,通信費
電話リレーサービス料,通信費
契約解除料,通信費
MNP転出手数料,通信費
SIMロック解除手数料,通信費
機種変更手数料,通信費
家賃（マンション）,住宅
マンション管理費,住宅
共益費,住宅
固定資産税（年払い）,住宅
住宅火災保険料（年払い）,住宅
町内会費（年払い）,住宅
修繕積立金,住宅
引越し費用（業者依頼）,住宅
敷金（入居時）,住宅
礼金（入居時）,住宅
仲介手数料（不動産会社）,住宅
鍵交換費用（入居時）,住宅
フローリング補修費用,住宅
壁紙張替え費用,住宅
ハウスクリーニング費（退去時）,住宅
リフォーム代（キッチン）,住宅
カーテン購入費,住宅
エアコン設置工事費,住宅
室内照明器具購入費,住宅
網戸交換費用,住宅
ドア修理費用,住宅
ベランダ清掃（業者依頼）,住宅
ガス開栓手数料（引越し時）,住宅
水道開栓手数料（引越し時）,住宅
住宅ローン返済（月々）,住宅
団体信用生命保険料,住宅
住宅ローン保証料,住宅
住宅ローン繰り上げ返済手数料,住宅
住宅ローン借り換え費用,住宅
不動産取得税,住宅
都市計画税,住宅
登記費用（司法書士報酬）,住宅
印紙代（不動産売買契約書）,住宅
住宅診断（ホームインスペクション）費用,住宅
地盤調査費用,住宅
設計料（注文住宅）,住宅
建築工事費,住宅
外構工事費,住宅
庭の手入れ費用（植木屋）,住宅
除草作業費用,住宅
シロアリ駆除費用,住宅
耐震補強工事費用,住宅
バリアフリー改修費用,住宅
屋根修理費用,住宅
外壁塗装費用,住宅
給湯器交換費用,住宅
水回り修理費用（水道業者）,住宅
電気工事費用,住宅
防犯カメラ設置費用,住宅
ホームセキュリティ月額料金（SECOM）,住宅
家具購入費（ソファ）,住宅
家電購入費（冷蔵庫）,住宅
インテリア雑貨購入費,住宅
収納用品購入費,住宅
寝具購入費（布団）,住宅
浄水器設置費用,住宅
ウォシュレット取付費用,住宅
太陽光パネル設置費用,住宅
蓄電池設置費用,住宅
井戸掘削費用,住宅
別荘管理費,住宅
駐車場賃料（自宅）,住宅
駐輪場利用料（マンション）,住宅
トランクルーム利用料,住宅
家事代行サービス料,住宅
ハウスクリーニング（定期）,住宅
庭師依頼料,住宅
住宅情報誌購入費,住宅
モデルルーム見学交通費,住宅
住宅展示場イベント参加費,住宅
住み替え相談費用,住宅
賃貸保証会社保証料,住宅
賃貸契約更新料,住宅
退去時原状回復費用,住宅
仮住まい費用,住宅
住民税（特別徴収）,税金
所得税（源泉徴収）,税金
固定資産税（第1期）,税金
自動車税（年払い）,税金
軽自動車税（年払い）,税金
個人事業税（納付）,税金
消費税支払い（確定申告）,税金
印紙税（契約書貼付）,税金
相続税（納付）,税金
贈与税（納付）,税金
確定申告納税（所得税・消費税）,税金
予定納税（第1期）,税金
税理士報酬（顧問料）,税金
税務署納付金（延滞税等）,税金
延滞税（住民税）,税金
加算税（過少申告）,税金
市県民税（普通徴収）,税金
国民健康保険税（納付）,税金
国民年金保険料（月払い）,税金
介護保険料（納付）,税金
後期高齢者医療保険料（納付）,税金
事業用消費税（中間納付）,税金
法定調書作成費（税理士依頼）,税金
法人税（中間納付）,税金
印鑑証明取得費（法務局）,税金
住民票取得費（コンビニ）,税金
戸籍謄本取得費,税金
登録免許税（不動産登記）,税金
不動産取得税（納付）,税金
都市計画税（固定資産税と合算）,税金
事業所税,税金
償却資産税,税金
ゴルフ場利用税,税金
入湯税,税金
酒税,税金
たばこ税,税金
揮発油税（ガソリン税）,税金
地方揮発油税,税金
石油石炭税,税金
電源開発促進税,税金
関税,税金
とん税,税金
特別とん税,税金
復興特別所得税,税金
復興特別法人税（旧）,税金
地方法人特別税（旧）,税金
森林環境税,税金
国際観光旅客税,税金
ふるさと納税（寄付金控除）,税金
政治献金（寄付金控除）,税金
社会保険料（厚生年金・健康保険）,税金
雇用保険料,税金
労働保険料（事業主負担分）,税金
源泉徴収票再発行手数料,税金
納税証明書発行手数料,税金
税務調査対応費用,税金
節税コンサルティング費用,税金
税務相談料,税金
電子申告ソフト利用料,税金
会計ソフト利用料（税務申告用）,税金
生命保険料（月払い）,保険
医療保険料（年払い）,保険
がん保険料（月払い）,保険
入院保険特約料,保険
通院保険特約料,保険
傷害保険料（掛け捨て）,保険
学資保険料（月払い積立）,保険
自動車保険料（任意・年払い）,保険
火災保険料（住宅・年払い）,保険
地震保険料（火災保険とセット）,保険
賠償責任保険料（個人）,保険
ペット保険料（月払い）,保険
旅行保険料（海外旅行時）,保険
住宅ローン保険料（団信）,保険
年金保険料（個人年金）,保険
収入保障保険料（月払い）,保険
保険更新料（契約更新時）,保険
保険契約手数料（初期費用）,保険
保険料クレジットカード支払い手数料,保険
共済掛金（県民共済）,保険
介護保険料（40歳以上）,保険
入院給付金返戻（重複受取分）,保険
解約返戻金（積立型保険）,保険
保険証再発行手数料,保険
保険相談サービス料（FP）,保険
就業不能保険料,保険
所得補償保険料,保険
自転車保険料,保険
ゴルファー保険料,保険
弁護士費用保険料,保険
家財保険料,保険
積立保険料,保険
変額保険料,保険
外貨建て保険料,保険
一時払い保険料,保険
保険料控除証明書発行手数料（再発行）,保険
保険見直し相談料,保険
保険代理店手数料（間接負担）,保険
クレジットカード支払い（リボ残高）,返済
リボ払い手数料,返済
キャッシング返済（ATM）,返済
住宅ローン返済（ボーナス払い）,返済
自動車ローン返済（月々）,返済
教育ローン返済（月々）,返済
奨学金返済（月々）,返済
カードローン返済（銀行系）,返済
消費者金融返済（プロミス）,返済
借入金返済（親族から）,返済
分割購入支払い（家電）,返済
ローン繰上返済（一部）,返済
リース契約支払い（複合機）,返済
法人ローン返済,返済
事業借入返済（日本政策金融公庫）,返済
銀行ローン返済（フリーローン）,返済
フリーローン返済,返済
保証料支払い（ローン契約時）,返済
延滞金支払い（ローン）,返済
担保設定費用（不動産）,返済
ローン保証料（更新時）,返済
金利支払い（ローン利息分）,返済
債務整理費用（弁護士報酬）,返済
借換ローン初期費用（手数料）,返済
クレジットカード分割払い,返済
エステローン返済,返済
ブライダルローン返済,返済
デンタルローン返済,返済
ソーシャルレンディング返済（受け取り側）,返済
個人間融資返済,返済
学費ローン返済,返済
リフォームローン返済,返済
バイクローン返済,返済
事業者ローン返済,返済
手形割引料,返済
ファクタリング手数料,返済
名刺作成費（デザイン料含む）,ビジネス
名刺印刷費（100枚）,ビジネス
クラウド会計利用料（freee月額）,ビジネス
会計ソフト月額費（弥生会計）,ビジネス
取引先接待費（ゴルフ）,ビジネス
営業交通費（電車・バス）,ビジネス
出張費（宿泊・交通費）,ビジネス
事務用品購入（コピー用紙、ペン）,ビジネス
印刷代（資料印刷）,ビジネス
通信費（事務所固定電話・ネット）,ビジネス
サーバー代（レンタルサーバー年額）,ビジネス
ドメイン更新費（.jp）,ビジネス
ホームページ制作費（外注）,ビジネス
広告出稿費（リスティング広告）,ビジネス
SNS広告費（Facebook広告）,ビジネス
チラシ印刷費（ポスティング用）,ビジネス
販促品制作費（ノベルティグッズ）,ビジネス
業務委託費（デザイナーへ）,ビジネス
外注費（ライターへ）,ビジネス
事務所賃料（月額）,ビジネス
事務所光熱費（電気・ガス・水道）,ビジネス
登記関連費（司法書士報酬）,ビジネス
ビジネス書籍購入費,ビジネス
展示会出展料（ブース代）,ビジネス
ビジネス講座受講料（セミナー）,ビジネス
コピー機リース料,ビジネス
複合機カウンター料金,ビジネス
ソフトウェアライセンス料（業務ソフト）,ビジネス
パソコン購入費（業務用）,ビジネス
プリンター購入費（業務用）,ビジネス
社用車リース料,ビジネス
社用車ガソリン代,ビジネス
社用車駐車場代,ビジネス
社用車保険料,ビジネス
会議室レンタル料,ビジネス
コワーキングスペース利用料,ビジネス
バーチャルオフィス利用料,ビジネス
電話代行サービス料,ビジネス
郵便料金（請求書発送）,ビジネス
宅配便料金（商品発送）,ビジネス
切手代,ビジネス
収入印紙代（契約書用）,ビジネス
福利厚生費（社員旅行積立）,ビジネス
慶弔見舞金（従業員）,ビジネス
求人広告掲載料,ビジネス
人材紹介手数料,ビジネス
研修費用（社員研修）,ビジネス
資格取得支援費用,ビジネス
健康診断費用（従業員分）,ビジネス
社会保険料（会社負担分）,ビジネス
労働保険料（会社負担分）,ビジネス
弁護士顧問料,ビジネス
税理士顧問料,ビジネス
社労士顧問料,ビジネス
コンサルティング料,ビジネス
市場調査費用,ビジネス
翻訳・通訳費用,ビジネス
デザイン料（ロゴ作成）,ビジネス
撮影費用（商品写真）,ビジネス
システム開発費,ビジネス
アプリ開発費,ビジネス
保守・メンテナンス費用,ビジネス
セキュリティ対策費用,ビジネス
クラウドサービス利用料（AWS）,ビジネス
グループウェア利用料,ビジネス
CRMツール利用料,ビジネス
SFAツール利用料,ビジネス
MAツール利用料,ビジネス
Web会議システム利用料,ビジネス
ビジネスチャットツール利用料,ビジネス
プロジェクト管理ツール利用料,ビジネス
オンラインストレージ利用料（ビジネスプラン）,ビジネス
電子契約サービス利用料,ビジネス
経費精算システム利用料,ビジネス
給与計算ソフト利用料,ビジネス
ユニフォーム制作費,ビジネス
オフィス家具購入費,ビジネス
観葉植物レンタル料,ビジネス
清掃業者委託費,ビジネス
警備会社委託費,ビジネス
産業廃棄物処理費,ビジネス
会社設立費用,ビジネス
許認可申請費用,ビジネス
特許申請費用,ビジネス
商標登録費用,ビジネス
業界団体会費,ビジネス
商工会議所会費,ビジネス
新聞購読料（業界紙）,ビジネス
雑誌購読料（ビジネス誌）,ビジネス
情報サービス利用料,ビジネス
展示会視察費用,ビジネス
海外出張費,ビジネス
交際費（贈答品）,ビジネス
会議費（飲食代）,ビジネス
給与振込,給与
会社からの給与,給与
アルバイト代（カフェ）,給与
パート代（スーパー）,給与
副業収入（Webライター）,給与
歩合給（営業成績）,給与
残業手当（時間外労働）,給与
深夜手当（夜勤）,給与
休日出勤手当,給与
通勤手当（定期代）,給与
交通費支給（実費精算）,給与
賞与（夏・冬）,給与
年末調整還付金,給与
昇給分差額,給与
扶養手当（配偶者・子）,給与
住宅手当,給与
家族手当,給与
役職手当（管理職）,給与
営業手当,給与
出張手当（日当）,給与
臨時手当（特別ボーナス）,給与
日払い給料（派遣）,給与
週払い給料（イベントスタッフ）,給与
月給（正社員）,給与
時間給（パートタイム）,給与
退職金（一時金）,給与
給与前払いサービス利用,給与
インセンティブ収入,給与
業績連動賞与,給与
資格手当,給与
特殊勤務手当,給与
危険手当,給与
地域手当,給与
単身赴任手当,給与
寒冷地手当,給与
報奨金,給与
ストックオプション権利行使益,給与
従業員持株会奨励金,給与
財形貯蓄奨励金,給与
慶弔見舞金（会社から）,給与
傷病手当金（給与補填）,給与
育児休業給付金（一部）,給与
介護休業給付金（一部）,給与
前払い給与,給与
派遣社員給与,給与
契約社員給与,給与
役員報酬,給与
顧問料（個人契約）,給与
臨時収入（懸賞当選）,その他収入
贈与金（親から）,その他収入
お年玉収入（親戚から）,その他収入
キャッシュバック（キャンペーン）,その他収入
ポイント交換（現金化）,その他収入
アンケート謝礼（モニター）,その他収入
フリマ売上（メルカリ）,その他収入
ネットオークション収入（ヤフオク）,その他収入
不用品売却（リサイクルショップ）,その他収入
友人からの返金（立替分）,その他収入
保険金受取（入院給付金）,その他収入
医療費控除還付金,その他収入
税金還付金（確定申告）,その他収入
補助金（住まい給付金）,その他収入
助成金（育児関連）,その他収入
給付金（特別定額給付金）,その他収入
キャンペーン当選金（現金）,その他収入
懸賞金（クイズ番組）,その他収入
電子マネー還元（ポイントバック）,その他収入
アフィリエイト収入（ブログ）,その他収入
広告収入（YouTube）,その他収入
講演料収入,その他収入
印税収入（書籍）,その他収入
ライター収入（記事執筆）,その他収入
スポット報酬（単発バイト）,その他収入
信託報酬（分配金）,その他収入
配当金収入（株式）,その他収入
利子収入（預金）,その他収入
家賃収入（不動産）,その他収入
駐車場収入,その他収入
太陽光発電売電収入,その他収入
治験協力費,その他収入
献血謝礼,その他収入
遺産相続,その他収入
退職金（年金形式受取）,その他収入
個人年金受取,その他収入
企業年金受取,その他収入
失業保険（雇用保険基本手当）,その他収入
傷病手当金,その他収入
出産手当金,その他収入
育児休業給付金,その他収入
介護休業給付金,その他収入
生活保護費,その他収入
児童手当,その他収入
児童扶養手当,その他収入
奨学金（給付型）,その他収入
結婚祝い金,その他収入
出産祝い金,その他収入
香典,その他収入
見舞金,その他収入
拾得物謝礼金,その他収入
クラウドファンディング支援金（受取）,その他収入
寄付金（受取）,その他収入
ストックフォト売上,その他収入
ハンドメイド作品売上,その他収入
スキルシェア収入,その他収入
コンテスト賞金,その他収入
モニター謝礼（商品）,その他収入
データ入力業務委託収入,その他収入
翻訳業務委託収入,その他収入
デザイン業務委託収入,その他収入
プログラミング業務委託収入,その他収入
コンサルティング収入,その他収入
アドバイザー報酬,その他収入
講師料,その他収入
セミナー収入,その他収入
イベント収入,その他収入
動画配信投げ銭収入,その他収入
ライブ配信投げ銭収入,その他収入
ブログ広告収入,その他収入
ウェブサイト広告収入,その他収入
株式買付（国内）,投資
投資信託買付（インデックス）,投資
ETF買付（米国）,投資
REIT買付（J-REIT）,投資
外国株買付（個別株）,投資
米国株買付（AAPL）,投資
NISA枠投資（成長投資枠）,投資
つみたてNISA拠出（月額）,投資
iDeCo掛金拠出（月額）,投資
仮想通貨購入（ビットコイン）,投資
ビットコイン買付,投資
イーサリアム買付,投資
暗号資産取引手数料（販売所）,投資
株式取引手数料（現物）,投資
為替スプレッド（外貨購入時）,投資
証券口座維持費（特定口座）,投資
投資顧問料（契約）,投資
資産運用サービス利用料（ロボアド）,投資
AI投資サービス利用料（月額）,投資
自動売買サービス月額（FX）,投資
株情報メディア購読費（有料会員）,投資
株式分析ソフト購入費,投資
ロボアドバイザー積立（WealthNavi）,投資
クラウドファンディング出資（不動産）,投資
金（ゴールド）購入,投資
プラチナ購入,投資
銀（シルバー）購入,投資
コモディティ投資,投資
FX証拠金入金,投資
CFD取引証拠金,投資
先物取引証拠金,投資
オプション取引プレミアム,投資
ヘッジファンド出資,投資
プライベートエクイティ投資,投資
ベンチャーキャピタル出資,投資
ソーシャルレンディング投資,投資
不動産投資（区分マンション購入）,投資
駐車場経営投資,投資
太陽光発電投資,投資
コインランドリー投資,投資
未公開株投資,投資
エンジェル投資,投資
外国債券購入,投資
国内債券購入,投資
個人向け国債購入,投資
社債購入,投資
投資セミナー参加費,投資
投資関連書籍購入,投資
フィナンシャルプランナー相談料（投資）,投資
IFA相談料,投資
投資ツール利用料,投資
チャートソフト利用料,投資
スクリーニングツール利用料,投資
ポートフォリオ管理ツール利用料,投資
信用取引金利,投資
信用取引貸株料,投資
IPO（新規公開株）購入申込,投資
PO（公募・売出）申込,投資
外貨預金,投資
仕組預金,投資
従業員持株会拠出,投資
財形貯蓄拠出,投資
確定拠出年金（企業型）マッチング拠出,投資